,Mask,Patch,Year,State,Verified,IsNoisy
0,/project/biocomplexity/wyr6fx(Nibir)/KDD-25-Data-Track/irrigation_croptypes_landuse_mask/LandSat/AZ/2015/LC08_L2SP_036038_20150313_20200909_02_T1/patch_3808_6720.TIF,/project/biocomplexity/wyr6fx(Nibir)/KDD-25-Data-Track/patches/LandSat/AZ/2015/LC08_L2SP_036038_20150313_20200909_02_T1/patch_3808_6720.TIF,2015,AZ,True,False
1,/project/biocomplexity/wyr6fx(Nibir)/KDD-25-Data-Track/irrigation_croptypes_landuse_mask/LandSat/AZ/2015/LC08_L2SP_035038_20150407_20200909_02_T1/patch_3136_2688.TIF,/project/biocomplexity/wyr6fx(Nibir)/KDD-25-Data-Track/patches/LandSat/AZ/2015/LC08_L2SP_035038_20150407_20200909_02_T1/patch_3136_2688.TIF,2015,AZ,True,False
2,/project/biocomplexity/wyr6fx(Nibir)/KDD-25-Data-Track/irrigation_croptypes_landuse_mask/LandSat/AZ/2015/LC08_L2SP_035038_20150306_20200910_02_T1/patch_4032_3136.TIF,/project/biocomplexity/wyr6fx(Nibir)/KDD-25-Data-Track/patches/LandSat/AZ/2015/LC08_L2SP_035038_20150306_20200910_02_T1/patch_4032_3136.TIF,2015,AZ,True,False
3,/project/biocomplexity/wyr6fx(Nibir)/KDD-25-Data-Track/irrigation_croptypes_landuse_mask/LandSat/AZ/2015/LC08_L2SP_035038_20150306_20200910_02_T1/patch_3136_2688.TIF,/project/biocomplexity/wyr6fx(Nibir)/KDD-25-Data-Track/patches/LandSat/AZ/2015/LC08_L2SP_035038_20150306_20200910_02_T1/patch_3136_2688.TIF,2015,AZ,True,False
4,/project/biocomplexity/wyr6fx(Nibir)/KDD-25-Data-Track/irrigation_croptypes_landuse_mask/LandSat/AZ/2015/LC08_L2SP_036038_20150414_20200909_02_T1/patch_4032_6944.TIF,/project/biocomplexity/wyr6fx(Nibir)/KDD-25-Data-Track/patches/LandSat/AZ/2015/LC08_L2SP_036038_20150414_20200909_02_T1/patch_4032_6944.TIF,2015,AZ,True,False
5,/project/biocomplexity/wyr6fx(Nibir)/KDD-25-Data-Track/irrigation_croptypes_landuse_mask/LandSat/AZ/2015/LC08_L2SP_036038_20150617_20200909_02_T1/patch_3808_6944.TIF,/project/biocomplexity/wyr6fx(Nibir)/KDD-25-Data-Track/patches/LandSat/AZ/2015/LC08_L2SP_036038_20150617_20200909_02_T1/patch_3808_6944.TIF,2015,AZ,True,False
6,/project/biocomplexity/wyr6fx(Nibir)/KDD-25-Data-Track/irrigation_croptypes_landuse_mask/LandSat/AZ/2015/LC08_L2SP_035038_20150829_20200908_02_T1/patch_3136_2688.TIF,/project/biocomplexity/wyr6fx(Nibir)/KDD-25-Data-Track/patches/LandSat/AZ/2015/LC08_L2SP_035038_20150829_20200908_02_T1/patch_3136_2688.TIF,2015,AZ,True,False
7,/project/biocomplexity/wyr6fx(Nibir)/KDD-25-Data-Track/irrigation_croptypes_landuse_mask/LandSat/AZ/2015/LC08_L2SP_035038_20150914_20200908_02_T1/patch_3808_1568.TIF,/project/biocomplexity/wyr6fx(Nibir)/KDD-25-Data-Track/patches/LandSat/AZ/2015/LC08_L2SP_035038_20150914_20200908_02_T1/patch_3808_1568.TIF,2015,AZ,True,True
8,/project/biocomplexity/wyr6fx(Nibir)/KDD-25-Data-Track/irrigation_croptypes_landuse_mask/LandSat/AZ/2015/LC08_L2SP_035038_20150407_20200909_02_T1/patch_2464_2464.TIF,/project/biocomplexity/wyr6fx(Nibir)/KDD-25-Data-Track/patches/LandSat/AZ/2015/LC08_L2SP_035038_20150407_20200909_02_T1/patch_2464_2464.TIF,2015,AZ,True,False
9,/project/biocomplexity/wyr6fx(Nibir)/KDD-25-Data-Track/irrigation_croptypes_landuse_mask/LandSat/AZ/2015/LC08_L2SP_035038_20150525_20200909_02_T1/patch_3136_2688.TIF,/project/biocomplexity/wyr6fx(Nibir)/KDD-25-Data-Track/patches/LandSat/AZ/2015/LC08_L2SP_035038_20150525_20200909_02_T1/patch_3136_2688.TIF,2015,AZ,True,False
10,/project/biocomplexity/wyr6fx(Nibir)/KDD-25-Data-Track/irrigation_croptypes_landuse_mask/LandSat/AZ/2015/LC08_L2SP_036038_20150313_20200909_02_T1/patch_4032_6720.TIF,/project/biocomplexity/wyr6fx(Nibir)/KDD-25-Data-Track/patches/LandSat/AZ/2015/LC08_L2SP_036038_20150313_20200909_02_T1/patch_4032_6720.TIF,2015,AZ,True,False
11,/project/biocomplexity/wyr6fx(Nibir)/KDD-25-Data-Track/irrigation_croptypes_landuse_mask/LandSat/AZ/2015/LC08_L2SP_035038_20150829_20200908_02_T1/patch_2464_2464.TIF,/project/biocomplexity/wyr6fx(Nibir)/KDD-25-Data-Track/patches/LandSat/AZ/2015/LC08_L2SP_035038_20150829_20200908_02_T1/patch_2464_2464.TIF,2015,AZ,True,False
12,/project/biocomplexity/wyr6fx(Nibir)/KDD-25-Data-Track/irrigation_croptypes_landuse_mask/LandSat/AZ/2015/LC08_L2SP_036038_20150601_20200909_02_T1/patch_2464_7616.TIF,/project/biocomplexity/wyr6fx(Nibir)/KDD-25-Data-Track/patches/LandSat/AZ/2015/LC08_L2SP_036038_20150601_20200909_02_T1/patch_2464_7616.TIF,2015,AZ,True,False
13,/project/biocomplexity/wyr6fx(Nibir)/KDD-25-Data-Track/irrigation_croptypes_landuse_mask/LandSat/AZ/2015/LC08_L2SP_036038_20150601_20200909_02_T1/patch_2688_7616.TIF,/project/biocomplexity/wyr6fx(Nibir)/KDD-25-Data-Track/patches/LandSat/AZ/2015/LC08_L2SP_036038_20150601_20200909_02_T1/patch_2688_7616.TIF,2015,AZ,True,False
14,/project/biocomplexity/wyr6fx(Nibir)/KDD-25-Data-Track/irrigation_croptypes_landuse_mask/LandSat/AZ/2015/LC08_L2SP_035038_20150306_20200910_02_T1/patch_2464_2464.TIF,/project/biocomplexity/wyr6fx(Nibir)/KDD-25-Data-Track/patches/LandSat/AZ/2015/LC08_L2SP_035038_20150306_20200910_02_T1/patch_2464_2464.TIF,2015,AZ,True,False
15,/project/biocomplexity/wyr6fx(Nibir)/KDD-25-Data-Track/irrigation_croptypes_landuse_mask/LandSat/AZ/2015/LC08_L2SP_035038_20150525_20200909_02_T1/patch_2464_2240.TIF,/project/biocomplexity/wyr6fx(Nibir)/KDD-25-Data-Track/patches/LandSat/AZ/2015/LC08_L2SP_035038_20150525_20200909_02_T1/patch_2464_2240.TIF,2015,AZ,True,False
16,/project/biocomplexity/wyr6fx(Nibir)/KDD-25-Data-Track/irrigation_croptypes_landuse_mask/LandSat/AZ/2015/LC08_L2SP_035038_20150322_20200909_02_T1/patch_2464_2464.TIF,/project/biocomplexity/wyr6fx(Nibir)/KDD-25-Data-Track/patches/LandSat/AZ/2015/LC08_L2SP_035038_20150322_20200909_02_T1/patch_2464_2464.TIF,2015,AZ,True,False
17,/project/biocomplexity/wyr6fx(Nibir)/KDD-25-Data-Track/irrigation_croptypes_landuse_mask/LandSat/AZ/2015/LC08_L2SP_035038_20150306_20200910_02_T1/patch_3136_2912.TIF,/project/biocomplexity/wyr6fx(Nibir)/KDD-25-Data-Track/patches/LandSat/AZ/2015/LC08_L2SP_035038_20150306_20200910_02_T1/patch_3136_2912.TIF,2015,AZ,True,False
18,/project/biocomplexity/wyr6fx(Nibir)/KDD-25-Data-Track/irrigation_croptypes_landuse_mask/LandSat/AZ/2015/LC08_L2SP_035038_20150626_20200909_02_T1/patch_2240_2240.TIF,/project/biocomplexity/wyr6fx(Nibir)/KDD-25-Data-Track/patches/LandSat/AZ/2015/LC08_L2SP_035038_20150626_20200909_02_T1/patch_2240_2240.TIF,2015,AZ,True,False
19,/project/biocomplexity/wyr6fx(Nibir)/KDD-25-Data-Track/irrigation_croptypes_landuse_mask/LandSat/AZ/2015/LC08_L2SP_036038_20150804_20200909_02_T1/patch_2240_7616.TIF,/project/biocomplexity/wyr6fx(Nibir)/KDD-25-Data-Track/patches/LandSat/AZ/2015/LC08_L2SP_036038_20150804_20200909_02_T1/patch_2240_7616.TIF,2015,AZ,True,False
20,/project/biocomplexity/wyr6fx(Nibir)/KDD-25-Data-Track/irrigation_croptypes_landuse_mask/LandSat/AZ/2015/LC08_L2SP_035038_20150712_20200908_02_T1/patch_2464_2240.TIF,/project/biocomplexity/wyr6fx(Nibir)/KDD-25-Data-Track/patches/LandSat/AZ/2015/LC08_L2SP_035038_20150712_20200908_02_T1/patch_2464_2240.TIF,2015,AZ,True,False
21,/project/biocomplexity/wyr6fx(Nibir)/KDD-25-Data-Track/irrigation_croptypes_landuse_mask/LandSat/AZ/2015/LC08_L2SP_035038_20150914_20200908_02_T1/patch_2688_2464.TIF,/project/biocomplexity/wyr6fx(Nibir)/KDD-25-Data-Track/patches/LandSat/AZ/2015/LC08_L2SP_035038_20150914_20200908_02_T1/patch_2688_2464.TIF,2015,AZ,True,False
22,/project/biocomplexity/wyr6fx(Nibir)/KDD-25-Data-Track/irrigation_croptypes_landuse_mask/LandSat/AZ/2015/LC08_L2SP_035038_20150712_20200908_02_T1/patch_3136_2688.TIF,/project/biocomplexity/wyr6fx(Nibir)/KDD-25-Data-Track/patches/LandSat/AZ/2015/LC08_L2SP_035038_20150712_20200908_02_T1/patch_3136_2688.TIF,2015,AZ,True,False
23,/project/biocomplexity/wyr6fx(Nibir)/KDD-25-Data-Track/irrigation_croptypes_landuse_mask/LandSat/AZ/2015/LC08_L2SP_036038_20150601_20200909_02_T1/patch_3808_6720.TIF,/project/biocomplexity/wyr6fx(Nibir)/KDD-25-Data-Track/patches/LandSat/AZ/2015/LC08_L2SP_036038_20150601_20200909_02_T1/patch_3808_6720.TIF,2015,AZ,True,False
24,/project/biocomplexity/wyr6fx(Nibir)/KDD-25-Data-Track/irrigation_croptypes_landuse_mask/LandSat/AZ/2015/LC08_L2SP_035038_20150407_20200909_02_T1/patch_3136_2912.TIF,/project/biocomplexity/wyr6fx(Nibir)/KDD-25-Data-Track/patches/LandSat/AZ/2015/LC08_L2SP_035038_20150407_20200909_02_T1/patch_3136_2912.TIF,2015,AZ,True,False
25,/project/biocomplexity/wyr6fx(Nibir)/KDD-25-Data-Track/irrigation_croptypes_landuse_mask/LandSat/AZ/2015/LC08_L2SP_036038_20150430_20200909_02_T1/patch_3808_7168.TIF,/project/biocomplexity/wyr6fx(Nibir)/KDD-25-Data-Track/patches/LandSat/AZ/2015/LC08_L2SP_036038_20150430_20200909_02_T1/patch_3808_7168.TIF,2015,AZ,True,False
26,/project/biocomplexity/wyr6fx(Nibir)/KDD-25-Data-Track/irrigation_croptypes_landuse_mask/LandSat/AZ/2015/LC08_L2SP_035038_20150712_20200908_02_T1/patch_2912_2464.TIF,/project/biocomplexity/wyr6fx(Nibir)/KDD-25-Data-Track/patches/LandSat/AZ/2015/LC08_L2SP_035038_20150712_20200908_02_T1/patch_2912_2464.TIF,2015,AZ,True,False
27,/project/biocomplexity/wyr6fx(Nibir)/KDD-25-Data-Track/irrigation_croptypes_landuse_mask/LandSat/AZ/2015/LC08_L2SP_035038_20150322_20200909_02_T1/patch_2688_2464.TIF,/project/biocomplexity/wyr6fx(Nibir)/KDD-25-Data-Track/patches/LandSat/AZ/2015/LC08_L2SP_035038_20150322_20200909_02_T1/patch_2688_2464.TIF,2015,AZ,True,False
28,/project/biocomplexity/wyr6fx(Nibir)/KDD-25-Data-Track/irrigation_croptypes_landuse_mask/LandSat/AZ/2015/LC08_L2SP_035038_20150712_20200908_02_T1/patch_2688_2464.TIF,/project/biocomplexity/wyr6fx(Nibir)/KDD-25-Data-Track/patches/LandSat/AZ/2015/LC08_L2SP_035038_20150712_20200908_02_T1/patch_2688_2464.TIF,2015,AZ,True,False
29,/project/biocomplexity/wyr6fx(Nibir)/KDD-25-Data-Track/irrigation_croptypes_landuse_mask/LandSat/AZ/2015/LC08_L2SP_035038_20150914_20200908_02_T1/patch_3136_2688.TIF,/project/biocomplexity/wyr6fx(Nibir)/KDD-25-Data-Track/patches/LandSat/AZ/2015/LC08_L2SP_035038_20150914_20200908_02_T1/patch_3136_2688.TIF,2015,AZ,True,False
30,/project/biocomplexity/wyr6fx(Nibir)/KDD-25-Data-Track/irrigation_croptypes_landuse_mask/LandSat/AZ/2015/LC08_L2SP_035038_20150407_20200909_02_T1/patch_2464_2240.TIF,/project/biocomplexity/wyr6fx(Nibir)/KDD-25-Data-Track/patches/LandSat/AZ/2015/LC08_L2SP_035038_20150407_20200909_02_T1/patch_2464_2240.TIF,2015,AZ,True,False
31,/project/biocomplexity/wyr6fx(Nibir)/KDD-25-Data-Track/irrigation_croptypes_landuse_mask/LandSat/AZ/2015/LC08_L2SP_035038_20150306_20200910_02_T1/patch_2464_2240.TIF,/project/biocomplexity/wyr6fx(Nibir)/KDD-25-Data-Track/patches/LandSat/AZ/2015/LC08_L2SP_035038_20150306_20200910_02_T1/patch_2464_2240.TIF,2015,AZ,True,False
32,/project/biocomplexity/wyr6fx(Nibir)/KDD-25-Data-Track/irrigation_croptypes_landuse_mask/LandSat/AZ/2015/LC08_L2SP_035038_20150914_20200908_02_T1/patch_2464_2464.TIF,/project/biocomplexity/wyr6fx(Nibir)/KDD-25-Data-Track/patches/LandSat/AZ/2015/LC08_L2SP_035038_20150914_20200908_02_T1/patch_2464_2464.TIF,2015,AZ,True,False
33,/project/biocomplexity/wyr6fx(Nibir)/KDD-25-Data-Track/irrigation_croptypes_landuse_mask/LandSat/AZ/2015/LC08_L2SP_035038_20150712_20200908_02_T1/patch_2464_2464.TIF,/project/biocomplexity/wyr6fx(Nibir)/KDD-25-Data-Track/patches/LandSat/AZ/2015/LC08_L2SP_035038_20150712_20200908_02_T1/patch_2464_2464.TIF,2015,AZ,True,False
34,/project/biocomplexity/wyr6fx(Nibir)/KDD-25-Data-Track/irrigation_croptypes_landuse_mask/LandSat/AZ/2015/LC08_L2SP_035038_20150626_20200909_02_T1/patch_4480_2912.TIF,/project/biocomplexity/wyr6fx(Nibir)/KDD-25-Data-Track/patches/LandSat/AZ/2015/LC08_L2SP_035038_20150626_20200909_02_T1/patch_4480_2912.TIF,2015,AZ,True,False
35,/project/biocomplexity/wyr6fx(Nibir)/KDD-25-Data-Track/irrigation_croptypes_landuse_mask/LandSat/AZ/2015/LC08_L2SP_035038_20150626_20200909_02_T1/patch_2912_2464.TIF,/project/biocomplexity/wyr6fx(Nibir)/KDD-25-Data-Track/patches/LandSat/AZ/2015/LC08_L2SP_035038_20150626_20200909_02_T1/patch_2912_2464.TIF,2015,AZ,True,False
36,/project/biocomplexity/wyr6fx(Nibir)/KDD-25-Data-Track/irrigation_croptypes_landuse_mask/LandSat/AZ/2015/LC08_L2SP_035038_20150407_20200909_02_T1/patch_3808_1568.TIF,/project/biocomplexity/wyr6fx(Nibir)/KDD-25-Data-Track/patches/LandSat/AZ/2015/LC08_L2SP_035038_20150407_20200909_02_T1/patch_3808_1568.TIF,2015,AZ,True,False
37,/project/biocomplexity/wyr6fx(Nibir)/KDD-25-Data-Track/irrigation_croptypes_landuse_mask/LandSat/AZ/2015/LC08_L2SP_035038_20150525_20200909_02_T1/patch_3808_1344.TIF,/project/biocomplexity/wyr6fx(Nibir)/KDD-25-Data-Track/patches/LandSat/AZ/2015/LC08_L2SP_035038_20150525_20200909_02_T1/patch_3808_1344.TIF,2015,AZ,True,False
38,/project/biocomplexity/wyr6fx(Nibir)/KDD-25-Data-Track/irrigation_croptypes_landuse_mask/LandSat/AZ/2015/LC08_L2SP_035038_20150322_20200909_02_T1/patch_2912_2464.TIF,/project/biocomplexity/wyr6fx(Nibir)/KDD-25-Data-Track/patches/LandSat/AZ/2015/LC08_L2SP_035038_20150322_20200909_02_T1/patch_2912_2464.TIF,2015,AZ,True,False
39,/project/biocomplexity/wyr6fx(Nibir)/KDD-25-Data-Track/irrigation_croptypes_landuse_mask/LandSat/AZ/2015/LC08_L2SP_035038_20150914_20200908_02_T1/patch_2240_2240.TIF,/project/biocomplexity/wyr6fx(Nibir)/KDD-25-Data-Track/patches/LandSat/AZ/2015/LC08_L2SP_035038_20150914_20200908_02_T1/patch_2240_2240.TIF,2015,AZ,True,True
40,/project/biocomplexity/wyr6fx(Nibir)/KDD-25-Data-Track/irrigation_croptypes_landuse_mask/LandSat/AZ/2015/LC08_L2SP_035038_20150322_20200909_02_T1/patch_4480_3136.TIF,/project/biocomplexity/wyr6fx(Nibir)/KDD-25-Data-Track/patches/LandSat/AZ/2015/LC08_L2SP_035038_20150322_20200909_02_T1/patch_4480_3136.TIF,2015,AZ,True,False
41,/project/biocomplexity/wyr6fx(Nibir)/KDD-25-Data-Track/irrigation_croptypes_landuse_mask/LandSat/AZ/2015/LC08_L2SP_035038_20150525_20200909_02_T1/patch_4032_3136.TIF,/project/biocomplexity/wyr6fx(Nibir)/KDD-25-Data-Track/patches/LandSat/AZ/2015/LC08_L2SP_035038_20150525_20200909_02_T1/patch_4032_3136.TIF,2015,AZ,True,False
42,/project/biocomplexity/wyr6fx(Nibir)/KDD-25-Data-Track/irrigation_croptypes_landuse_mask/LandSat/AZ/2015/LC08_L2SP_035038_20150626_20200909_02_T1/patch_4480_3136.TIF,/project/biocomplexity/wyr6fx(Nibir)/KDD-25-Data-Track/patches/LandSat/AZ/2015/LC08_L2SP_035038_20150626_20200909_02_T1/patch_4480_3136.TIF,2015,AZ,True,False
43,/project/biocomplexity/wyr6fx(Nibir)/KDD-25-Data-Track/irrigation_croptypes_landuse_mask/LandSat/AZ/2015/LC08_L2SP_035038_20150626_20200909_02_T1/patch_2912_2688.TIF,/project/biocomplexity/wyr6fx(Nibir)/KDD-25-Data-Track/patches/LandSat/AZ/2015/LC08_L2SP_035038_20150626_20200909_02_T1/patch_2912_2688.TIF,2015,AZ,True,False
44,/project/biocomplexity/wyr6fx(Nibir)/KDD-25-Data-Track/irrigation_croptypes_landuse_mask/LandSat/AZ/2015/LC08_L2SP_035038_20150712_20200908_02_T1/patch_3808_1568.TIF,/project/biocomplexity/wyr6fx(Nibir)/KDD-25-Data-Track/patches/LandSat/AZ/2015/LC08_L2SP_035038_20150712_20200908_02_T1/patch_3808_1568.TIF,2015,AZ,True,False
45,/project/biocomplexity/wyr6fx(Nibir)/KDD-25-Data-Track/irrigation_croptypes_landuse_mask/LandSat/AZ/2015/LC08_L2SP_036038_20150804_20200909_02_T1/patch_2688_7616.TIF,/project/biocomplexity/wyr6fx(Nibir)/KDD-25-Data-Track/patches/LandSat/AZ/2015/LC08_L2SP_036038_20150804_20200909_02_T1/patch_2688_7616.TIF,2015,AZ,True,False
46,/project/biocomplexity/wyr6fx(Nibir)/KDD-25-Data-Track/irrigation_croptypes_landuse_mask/LandSat/AZ/2015/LC08_L2SP_035038_20150914_20200908_02_T1/patch_2912_2688.TIF,/project/biocomplexity/wyr6fx(Nibir)/KDD-25-Data-Track/patches/LandSat/AZ/2015/LC08_L2SP_035038_20150914_20200908_02_T1/patch_2912_2688.TIF,2015,AZ,True,False
47,/project/biocomplexity/wyr6fx(Nibir)/KDD-25-Data-Track/irrigation_croptypes_landuse_mask/LandSat/AZ/2015/LC08_L2SP_035038_20150407_20200909_02_T1/patch_2240_2464.TIF,/project/biocomplexity/wyr6fx(Nibir)/KDD-25-Data-Track/patches/LandSat/AZ/2015/LC08_L2SP_035038_20150407_20200909_02_T1/patch_2240_2464.TIF,2015,AZ,True,False
48,/project/biocomplexity/wyr6fx(Nibir)/KDD-25-Data-Track/irrigation_croptypes_landuse_mask/LandSat/AZ/2015/LC08_L2SP_035038_20150525_20200909_02_T1/patch_2912_2464.TIF,/project/biocomplexity/wyr6fx(Nibir)/KDD-25-Data-Track/patches/LandSat/AZ/2015/LC08_L2SP_035038_20150525_20200909_02_T1/patch_2912_2464.TIF,2015,AZ,True,False
49,/project/biocomplexity/wyr6fx(Nibir)/KDD-25-Data-Track/irrigation_croptypes_landuse_mask/LandSat/AZ/2015/LC08_L2SP_035038_20150322_20200909_02_T1/patch_2912_2688.TIF,/project/biocomplexity/wyr6fx(Nibir)/KDD-25-Data-Track/patches/LandSat/AZ/2015/LC08_L2SP_035038_20150322_20200909_02_T1/patch_2912_2688.TIF,2015,AZ,True,False
50,/project/biocomplexity/wyr6fx(Nibir)/KDD-25-Data-Track/irrigation_croptypes_landuse_mask/LandSat/AZ/2015/LC08_L2SP_035038_20150306_20200910_02_T1/patch_3808_1568.TIF,/project/biocomplexity/wyr6fx(Nibir)/KDD-25-Data-Track/patches/LandSat/AZ/2015/LC08_L2SP_035038_20150306_20200910_02_T1/patch_3808_1568.TIF,2015,AZ,True,False
51,/project/biocomplexity/wyr6fx(Nibir)/KDD-25-Data-Track/irrigation_croptypes_landuse_mask/LandSat/AZ/2015/LC08_L2SP_036038_20150313_20200909_02_T1/patch_2464_7616.TIF,/project/biocomplexity/wyr6fx(Nibir)/KDD-25-Data-Track/patches/LandSat/AZ/2015/LC08_L2SP_036038_20150313_20200909_02_T1/patch_2464_7616.TIF,2015,AZ,True,False
52,/project/biocomplexity/wyr6fx(Nibir)/KDD-25-Data-Track/irrigation_croptypes_landuse_mask/LandSat/AZ/2015/LC08_L2SP_035038_20150829_20200908_02_T1/patch_2688_2464.TIF,/project/biocomplexity/wyr6fx(Nibir)/KDD-25-Data-Track/patches/LandSat/AZ/2015/LC08_L2SP_035038_20150829_20200908_02_T1/patch_2688_2464.TIF,2015,AZ,True,False
53,/project/biocomplexity/wyr6fx(Nibir)/KDD-25-Data-Track/irrigation_croptypes_landuse_mask/LandSat/AZ/2015/LC08_L2SP_035038_20150829_20200908_02_T1/patch_3808_1568.TIF,/project/biocomplexity/wyr6fx(Nibir)/KDD-25-Data-Track/patches/LandSat/AZ/2015/LC08_L2SP_035038_20150829_20200908_02_T1/patch_3808_1568.TIF,2015,AZ,True,False
54,/project/biocomplexity/wyr6fx(Nibir)/KDD-25-Data-Track/irrigation_croptypes_landuse_mask/LandSat/AZ/2015/LC08_L2SP_035038_20150712_20200908_02_T1/patch_2240_2240.TIF,/project/biocomplexity/wyr6fx(Nibir)/KDD-25-Data-Track/patches/LandSat/AZ/2015/LC08_L2SP_035038_20150712_20200908_02_T1/patch_2240_2240.TIF,2015,AZ,True,False
55,/project/biocomplexity/wyr6fx(Nibir)/KDD-25-Data-Track/irrigation_croptypes_landuse_mask/LandSat/AZ/2015/LC08_L2SP_035038_20150829_20200908_02_T1/patch_2464_2240.TIF,/project/biocomplexity/wyr6fx(Nibir)/KDD-25-Data-Track/patches/LandSat/AZ/2015/LC08_L2SP_035038_20150829_20200908_02_T1/patch_2464_2240.TIF,2015,AZ,True,False
56,/project/biocomplexity/wyr6fx(Nibir)/KDD-25-Data-Track/irrigation_croptypes_landuse_mask/LandSat/AZ/2015/LC08_L2SP_036038_20150804_20200909_02_T1/patch_2464_7616.TIF,/project/biocomplexity/wyr6fx(Nibir)/KDD-25-Data-Track/patches/LandSat/AZ/2015/LC08_L2SP_036038_20150804_20200909_02_T1/patch_2464_7616.TIF,2015,AZ,True,False
57,/project/biocomplexity/wyr6fx(Nibir)/KDD-25-Data-Track/irrigation_croptypes_landuse_mask/LandSat/AZ/2015/LC08_L2SP_036038_20150617_20200909_02_T1/patch_4032_6720.TIF,/project/biocomplexity/wyr6fx(Nibir)/KDD-25-Data-Track/patches/LandSat/AZ/2015/LC08_L2SP_036038_20150617_20200909_02_T1/patch_4032_6720.TIF,2015,AZ,True,True
58,/project/biocomplexity/wyr6fx(Nibir)/KDD-25-Data-Track/irrigation_croptypes_landuse_mask/LandSat/AZ/2015/LC08_L2SP_035038_20150306_20200910_02_T1/patch_4480_3136.TIF,/project/biocomplexity/wyr6fx(Nibir)/KDD-25-Data-Track/patches/LandSat/AZ/2015/LC08_L2SP_035038_20150306_20200910_02_T1/patch_4480_3136.TIF,2015,AZ,True,False
59,/project/biocomplexity/wyr6fx(Nibir)/KDD-25-Data-Track/irrigation_croptypes_landuse_mask/LandSat/AZ/2015/LC08_L2SP_035038_20150626_20200909_02_T1/patch_3136_2688.TIF,/project/biocomplexity/wyr6fx(Nibir)/KDD-25-Data-Track/patches/LandSat/AZ/2015/LC08_L2SP_035038_20150626_20200909_02_T1/patch_3136_2688.TIF,2015,AZ,True,False
60,/project/biocomplexity/wyr6fx(Nibir)/KDD-25-Data-Track/irrigation_croptypes_landuse_mask/LandSat/AZ/2015/LC08_L2SP_035038_20150322_20200909_02_T1/patch_2240_2464.TIF,/project/biocomplexity/wyr6fx(Nibir)/KDD-25-Data-Track/patches/LandSat/AZ/2015/LC08_L2SP_035038_20150322_20200909_02_T1/patch_2240_2464.TIF,2015,AZ,True,False
61,/project/biocomplexity/wyr6fx(Nibir)/KDD-25-Data-Track/irrigation_croptypes_landuse_mask/LandSat/AZ/2015/LC08_L2SP_035038_20150322_20200909_02_T1/patch_3808_1568.TIF,/project/biocomplexity/wyr6fx(Nibir)/KDD-25-Data-Track/patches/LandSat/AZ/2015/LC08_L2SP_035038_20150322_20200909_02_T1/patch_3808_1568.TIF,2015,AZ,True,False
62,/project/biocomplexity/wyr6fx(Nibir)/KDD-25-Data-Track/irrigation_croptypes_landuse_mask/LandSat/AZ/2015/LC08_L2SP_035038_20150829_20200908_02_T1/patch_4480_2912.TIF,/project/biocomplexity/wyr6fx(Nibir)/KDD-25-Data-Track/patches/LandSat/AZ/2015/LC08_L2SP_035038_20150829_20200908_02_T1/patch_4480_2912.TIF,2015,AZ,True,False
63,/project/biocomplexity/wyr6fx(Nibir)/KDD-25-Data-Track/irrigation_croptypes_landuse_mask/LandSat/AZ/2015/LC08_L2SP_035038_20150829_20200908_02_T1/patch_2240_2240.TIF,/project/biocomplexity/wyr6fx(Nibir)/KDD-25-Data-Track/patches/LandSat/AZ/2015/LC08_L2SP_035038_20150829_20200908_02_T1/patch_2240_2240.TIF,2015,AZ,True,False
64,/project/biocomplexity/wyr6fx(Nibir)/KDD-25-Data-Track/irrigation_croptypes_landuse_mask/LandSat/AZ/2015/LC08_L2SP_035038_20150407_20200909_02_T1/patch_3808_1344.TIF,/project/biocomplexity/wyr6fx(Nibir)/KDD-25-Data-Track/patches/LandSat/AZ/2015/LC08_L2SP_035038_20150407_20200909_02_T1/patch_3808_1344.TIF,2015,AZ,True,False
65,/project/biocomplexity/wyr6fx(Nibir)/KDD-25-Data-Track/irrigation_croptypes_landuse_mask/LandSat/AZ/2015/LC08_L2SP_035038_20150829_20200908_02_T1/patch_2688_2240.TIF,/project/biocomplexity/wyr6fx(Nibir)/KDD-25-Data-Track/patches/LandSat/AZ/2015/LC08_L2SP_035038_20150829_20200908_02_T1/patch_2688_2240.TIF,2015,AZ,True,False
66,/project/biocomplexity/wyr6fx(Nibir)/KDD-25-Data-Track/irrigation_croptypes_landuse_mask/LandSat/AZ/2015/LC08_L2SP_035038_20150306_20200910_02_T1/patch_2688_2464.TIF,/project/biocomplexity/wyr6fx(Nibir)/KDD-25-Data-Track/patches/LandSat/AZ/2015/LC08_L2SP_035038_20150306_20200910_02_T1/patch_2688_2464.TIF,2015,AZ,True,False
67,/project/biocomplexity/wyr6fx(Nibir)/KDD-25-Data-Track/irrigation_croptypes_landuse_mask/LandSat/AZ/2015/LC08_L2SP_036038_20150804_20200909_02_T1/patch_3808_6720.TIF,/project/biocomplexity/wyr6fx(Nibir)/KDD-25-Data-Track/patches/LandSat/AZ/2015/LC08_L2SP_036038_20150804_20200909_02_T1/patch_3808_6720.TIF,2015,AZ,True,False
68,/project/biocomplexity/wyr6fx(Nibir)/KDD-25-Data-Track/irrigation_croptypes_landuse_mask/LandSat/AZ/2015/LC08_L2SP_036038_20150804_20200909_02_T1/patch_3808_6944.TIF,/project/biocomplexity/wyr6fx(Nibir)/KDD-25-Data-Track/patches/LandSat/AZ/2015/LC08_L2SP_036038_20150804_20200909_02_T1/patch_3808_6944.TIF,2015,AZ,True,False
69,/project/biocomplexity/wyr6fx(Nibir)/KDD-25-Data-Track/irrigation_croptypes_landuse_mask/LandSat/AZ/2015/LC08_L2SP_035038_20150306_20200910_02_T1/patch_2912_2688.TIF,/project/biocomplexity/wyr6fx(Nibir)/KDD-25-Data-Track/patches/LandSat/AZ/2015/LC08_L2SP_035038_20150306_20200910_02_T1/patch_2912_2688.TIF,2015,AZ,True,False
70,/project/biocomplexity/wyr6fx(Nibir)/KDD-25-Data-Track/irrigation_croptypes_landuse_mask/LandSat/AZ/2015/LC08_L2SP_035038_20150914_20200908_02_T1/patch_4032_3136.TIF,/project/biocomplexity/wyr6fx(Nibir)/KDD-25-Data-Track/patches/LandSat/AZ/2015/LC08_L2SP_035038_20150914_20200908_02_T1/patch_4032_3136.TIF,2015,AZ,True,True
71,/project/biocomplexity/wyr6fx(Nibir)/KDD-25-Data-Track/irrigation_croptypes_landuse_mask/LandSat/AZ/2015/LC08_L2SP_035038_20150626_20200909_02_T1/patch_2464_2240.TIF,/project/biocomplexity/wyr6fx(Nibir)/KDD-25-Data-Track/patches/LandSat/AZ/2015/LC08_L2SP_035038_20150626_20200909_02_T1/patch_2464_2240.TIF,2015,AZ,True,False
72,/project/biocomplexity/wyr6fx(Nibir)/KDD-25-Data-Track/irrigation_croptypes_landuse_mask/LandSat/AZ/2015/LC08_L2SP_035038_20150525_20200909_02_T1/patch_2464_2464.TIF,/project/biocomplexity/wyr6fx(Nibir)/KDD-25-Data-Track/patches/LandSat/AZ/2015/LC08_L2SP_035038_20150525_20200909_02_T1/patch_2464_2464.TIF,2015,AZ,True,False
73,/project/biocomplexity/wyr6fx(Nibir)/KDD-25-Data-Track/irrigation_croptypes_landuse_mask/LandSat/AZ/2015/LC08_L2SP_036038_20150601_20200909_02_T1/patch_4032_6720.TIF,/project/biocomplexity/wyr6fx(Nibir)/KDD-25-Data-Track/patches/LandSat/AZ/2015/LC08_L2SP_036038_20150601_20200909_02_T1/patch_4032_6720.TIF,2015,AZ,True,False
74,/project/biocomplexity/wyr6fx(Nibir)/KDD-25-Data-Track/irrigation_croptypes_landuse_mask/LandSat/AZ/2015/LC08_L2SP_035038_20150525_20200909_02_T1/patch_4480_3136.TIF,/project/biocomplexity/wyr6fx(Nibir)/KDD-25-Data-Track/patches/LandSat/AZ/2015/LC08_L2SP_035038_20150525_20200909_02_T1/patch_4480_3136.TIF,2015,AZ,True,False
75,/project/biocomplexity/wyr6fx(Nibir)/KDD-25-Data-Track/irrigation_croptypes_landuse_mask/LandSat/AZ/2015/LC08_L2SP_036038_20150430_20200909_02_T1/patch_3808_6944.TIF,/project/biocomplexity/wyr6fx(Nibir)/KDD-25-Data-Track/patches/LandSat/AZ/2015/LC08_L2SP_036038_20150430_20200909_02_T1/patch_3808_6944.TIF,2015,AZ,True,False
76,/project/biocomplexity/wyr6fx(Nibir)/KDD-25-Data-Track/irrigation_croptypes_landuse_mask/LandSat/AZ/2015/LC08_L2SP_035038_20150914_20200908_02_T1/patch_2912_2464.TIF,/project/biocomplexity/wyr6fx(Nibir)/KDD-25-Data-Track/patches/LandSat/AZ/2015/LC08_L2SP_035038_20150914_20200908_02_T1/patch_2912_2464.TIF,2015,AZ,True,True
77,/project/biocomplexity/wyr6fx(Nibir)/KDD-25-Data-Track/irrigation_croptypes_landuse_mask/LandSat/AZ/2015/LC08_L2SP_036038_20150617_20200909_02_T1/patch_3808_6720.TIF,/project/biocomplexity/wyr6fx(Nibir)/KDD-25-Data-Track/patches/LandSat/AZ/2015/LC08_L2SP_036038_20150617_20200909_02_T1/patch_3808_6720.TIF,2015,AZ,True,True
78,/project/biocomplexity/wyr6fx(Nibir)/KDD-25-Data-Track/irrigation_croptypes_landuse_mask/LandSat/AZ/2015/LC08_L2SP_035038_20150322_20200909_02_T1/patch_2688_2688.TIF,/project/biocomplexity/wyr6fx(Nibir)/KDD-25-Data-Track/patches/LandSat/AZ/2015/LC08_L2SP_035038_20150322_20200909_02_T1/patch_2688_2688.TIF,2015,AZ,True,False
79,/project/biocomplexity/wyr6fx(Nibir)/KDD-25-Data-Track/irrigation_croptypes_landuse_mask/LandSat/AZ/2015/LC08_L2SP_035038_20150829_20200908_02_T1/patch_2912_2688.TIF,/project/biocomplexity/wyr6fx(Nibir)/KDD-25-Data-Track/patches/LandSat/AZ/2015/LC08_L2SP_035038_20150829_20200908_02_T1/patch_2912_2688.TIF,2015,AZ,True,False
80,/project/biocomplexity/wyr6fx(Nibir)/KDD-25-Data-Track/irrigation_croptypes_landuse_mask/LandSat/AZ/2015/LC08_L2SP_036038_20150617_20200909_02_T1/patch_2464_7616.TIF,/project/biocomplexity/wyr6fx(Nibir)/KDD-25-Data-Track/patches/LandSat/AZ/2015/LC08_L2SP_036038_20150617_20200909_02_T1/patch_2464_7616.TIF,2015,AZ,True,False
81,/project/biocomplexity/wyr6fx(Nibir)/KDD-25-Data-Track/irrigation_croptypes_landuse_mask/LandSat/AZ/2015/LC08_L2SP_036038_20150601_20200909_02_T1/patch_3808_6944.TIF,/project/biocomplexity/wyr6fx(Nibir)/KDD-25-Data-Track/patches/LandSat/AZ/2015/LC08_L2SP_036038_20150601_20200909_02_T1/patch_3808_6944.TIF,2015,AZ,True,False
82,/project/biocomplexity/wyr6fx(Nibir)/KDD-25-Data-Track/irrigation_croptypes_landuse_mask/LandSat/AZ/2015/LC08_L2SP_036038_20150414_20200909_02_T1/patch_3808_6944.TIF,/project/biocomplexity/wyr6fx(Nibir)/KDD-25-Data-Track/patches/LandSat/AZ/2015/LC08_L2SP_036038_20150414_20200909_02_T1/patch_3808_6944.TIF,2015,AZ,True,False
83,/project/biocomplexity/wyr6fx(Nibir)/KDD-25-Data-Track/irrigation_croptypes_landuse_mask/LandSat/AZ/2015/LC08_L2SP_035038_20150712_20200908_02_T1/patch_4032_3136.TIF,/project/biocomplexity/wyr6fx(Nibir)/KDD-25-Data-Track/patches/LandSat/AZ/2015/LC08_L2SP_035038_20150712_20200908_02_T1/patch_4032_3136.TIF,2015,AZ,True,True
84,/project/biocomplexity/wyr6fx(Nibir)/KDD-25-Data-Track/irrigation_croptypes_landuse_mask/LandSat/AZ/2015/LC08_L2SP_035038_20150407_20200909_02_T1/patch_4480_3136.TIF,/project/biocomplexity/wyr6fx(Nibir)/KDD-25-Data-Track/patches/LandSat/AZ/2015/LC08_L2SP_035038_20150407_20200909_02_T1/patch_4480_3136.TIF,2015,AZ,True,False
85,/project/biocomplexity/wyr6fx(Nibir)/KDD-25-Data-Track/irrigation_croptypes_landuse_mask/LandSat/AZ/2015/LC08_L2SP_036038_20150617_20200909_02_T1/patch_2240_7616.TIF,/project/biocomplexity/wyr6fx(Nibir)/KDD-25-Data-Track/patches/LandSat/AZ/2015/LC08_L2SP_036038_20150617_20200909_02_T1/patch_2240_7616.TIF,2015,AZ,True,False
86,/project/biocomplexity/wyr6fx(Nibir)/KDD-25-Data-Track/irrigation_croptypes_landuse_mask/LandSat/AZ/2015/LC08_L2SP_035038_20150626_20200909_02_T1/patch_2688_2464.TIF,/project/biocomplexity/wyr6fx(Nibir)/KDD-25-Data-Track/patches/LandSat/AZ/2015/LC08_L2SP_035038_20150626_20200909_02_T1/patch_2688_2464.TIF,2015,AZ,True,False
87,/project/biocomplexity/wyr6fx(Nibir)/KDD-25-Data-Track/irrigation_croptypes_landuse_mask/LandSat/AZ/2015/LC08_L2SP_035038_20150322_20200909_02_T1/patch_2464_2240.TIF,/project/biocomplexity/wyr6fx(Nibir)/KDD-25-Data-Track/patches/LandSat/AZ/2015/LC08_L2SP_035038_20150322_20200909_02_T1/patch_2464_2240.TIF,2015,AZ,True,False
88,/project/biocomplexity/wyr6fx(Nibir)/KDD-25-Data-Track/irrigation_croptypes_landuse_mask/LandSat/AZ/2015/LC08_L2SP_035038_20150525_20200909_02_T1/patch_2912_2688.TIF,/project/biocomplexity/wyr6fx(Nibir)/KDD-25-Data-Track/patches/LandSat/AZ/2015/LC08_L2SP_035038_20150525_20200909_02_T1/patch_2912_2688.TIF,2015,AZ,True,False
89,/project/biocomplexity/wyr6fx(Nibir)/KDD-25-Data-Track/irrigation_croptypes_landuse_mask/LandSat/AZ/2015/LC08_L2SP_035038_20150407_20200909_02_T1/patch_2688_2464.TIF,/project/biocomplexity/wyr6fx(Nibir)/KDD-25-Data-Track/patches/LandSat/AZ/2015/LC08_L2SP_035038_20150407_20200909_02_T1/patch_2688_2464.TIF,2015,AZ,True,False
90,/project/biocomplexity/wyr6fx(Nibir)/KDD-25-Data-Track/irrigation_croptypes_landuse_mask/LandSat/AZ/2015/LC08_L2SP_036038_20150313_20200909_02_T1/patch_3808_6944.TIF,/project/biocomplexity/wyr6fx(Nibir)/KDD-25-Data-Track/patches/LandSat/AZ/2015/LC08_L2SP_036038_20150313_20200909_02_T1/patch_3808_6944.TIF,2015,AZ,True,True
91,/project/biocomplexity/wyr6fx(Nibir)/KDD-25-Data-Track/irrigation_croptypes_landuse_mask/LandSat/AZ/2015/LC08_L2SP_035038_20150914_20200908_02_T1/patch_3808_1344.TIF,/project/biocomplexity/wyr6fx(Nibir)/KDD-25-Data-Track/patches/LandSat/AZ/2015/LC08_L2SP_035038_20150914_20200908_02_T1/patch_3808_1344.TIF,2015,AZ,True,True
92,/project/biocomplexity/wyr6fx(Nibir)/KDD-25-Data-Track/irrigation_croptypes_landuse_mask/LandSat/AZ/2015/LC08_L2SP_035038_20150712_20200908_02_T1/patch_2912_2688.TIF,/project/biocomplexity/wyr6fx(Nibir)/KDD-25-Data-Track/patches/LandSat/AZ/2015/LC08_L2SP_035038_20150712_20200908_02_T1/patch_2912_2688.TIF,2015,AZ,True,False
93,/project/biocomplexity/wyr6fx(Nibir)/KDD-25-Data-Track/irrigation_croptypes_landuse_mask/LandSat/AZ/2015/LC08_L2SP_036038_20150430_20200909_02_T1/patch_4032_6944.TIF,/project/biocomplexity/wyr6fx(Nibir)/KDD-25-Data-Track/patches/LandSat/AZ/2015/LC08_L2SP_036038_20150430_20200909_02_T1/patch_4032_6944.TIF,2015,AZ,True,False
94,/project/biocomplexity/wyr6fx(Nibir)/KDD-25-Data-Track/irrigation_croptypes_landuse_mask/LandSat/AZ/2015/LC08_L2SP_035038_20150322_20200909_02_T1/patch_2240_2240.TIF,/project/biocomplexity/wyr6fx(Nibir)/KDD-25-Data-Track/patches/LandSat/AZ/2015/LC08_L2SP_035038_20150322_20200909_02_T1/patch_2240_2240.TIF,2015,AZ,True,False
95,/project/biocomplexity/wyr6fx(Nibir)/KDD-25-Data-Track/irrigation_croptypes_landuse_mask/LandSat/AZ/2015/LC08_L2SP_035038_20150525_20200909_02_T1/patch_2688_2464.TIF,/project/biocomplexity/wyr6fx(Nibir)/KDD-25-Data-Track/patches/LandSat/AZ/2015/LC08_L2SP_035038_20150525_20200909_02_T1/patch_2688_2464.TIF,2015,AZ,True,False
96,/project/biocomplexity/wyr6fx(Nibir)/KDD-25-Data-Track/irrigation_croptypes_landuse_mask/LandSat/AZ/2015/LC08_L2SP_035038_20150829_20200908_02_T1/patch_3808_1344.TIF,/project/biocomplexity/wyr6fx(Nibir)/KDD-25-Data-Track/patches/LandSat/AZ/2015/LC08_L2SP_035038_20150829_20200908_02_T1/patch_3808_1344.TIF,2015,AZ,True,False
97,/project/biocomplexity/wyr6fx(Nibir)/KDD-25-Data-Track/irrigation_croptypes_landuse_mask/LandSat/AZ/2015/LC08_L2SP_035038_20150712_20200908_02_T1/patch_3808_1344.TIF,/project/biocomplexity/wyr6fx(Nibir)/KDD-25-Data-Track/patches/LandSat/AZ/2015/LC08_L2SP_035038_20150712_20200908_02_T1/patch_3808_1344.TIF,2015,AZ,True,True
98,/project/biocomplexity/wyr6fx(Nibir)/KDD-25-Data-Track/irrigation_croptypes_landuse_mask/LandSat/AZ/2015/LC08_L2SP_035038_20150712_20200908_02_T1/patch_4480_3136.TIF,/project/biocomplexity/wyr6fx(Nibir)/KDD-25-Data-Track/patches/LandSat/AZ/2015/LC08_L2SP_035038_20150712_20200908_02_T1/patch_4480_3136.TIF,2015,AZ,True,False
99,/project/biocomplexity/wyr6fx(Nibir)/KDD-25-Data-Track/irrigation_croptypes_landuse_mask/LandSat/AZ/2015/LC08_L2SP_035038_20150407_20200909_02_T1/patch_4032_3136.TIF,/project/biocomplexity/wyr6fx(Nibir)/KDD-25-Data-Track/patches/LandSat/AZ/2015/LC08_L2SP_035038_20150407_20200909_02_T1/patch_4032_3136.TIF,2015,AZ,True,False
100,/project/biocomplexity/wyr6fx(Nibir)/KDD-25-Data-Track/irrigation_croptypes_landuse_mask/LandSat/AZ/2015/LC08_L2SP_035038_20150525_20200909_02_T1/patch_2240_2240.TIF,/project/biocomplexity/wyr6fx(Nibir)/KDD-25-Data-Track/patches/LandSat/AZ/2015/LC08_L2SP_035038_20150525_20200909_02_T1/patch_2240_2240.TIF,2015,AZ,True,False
101,/project/biocomplexity/wyr6fx(Nibir)/KDD-25-Data-Track/irrigation_croptypes_landuse_mask/LandSat/AZ/2015/LC08_L2SP_035038_20150407_20200909_02_T1/patch_2240_2240.TIF,/project/biocomplexity/wyr6fx(Nibir)/KDD-25-Data-Track/patches/LandSat/AZ/2015/LC08_L2SP_035038_20150407_20200909_02_T1/patch_2240_2240.TIF,2015,AZ,True,False
102,/project/biocomplexity/wyr6fx(Nibir)/KDD-25-Data-Track/irrigation_croptypes_landuse_mask/LandSat/AZ/2015/LC08_L2SP_035038_20150829_20200908_02_T1/patch_2912_2464.TIF,/project/biocomplexity/wyr6fx(Nibir)/KDD-25-Data-Track/patches/LandSat/AZ/2015/LC08_L2SP_035038_20150829_20200908_02_T1/patch_2912_2464.TIF,2015,AZ,True,False
103,/project/biocomplexity/wyr6fx(Nibir)/KDD-25-Data-Track/irrigation_croptypes_landuse_mask/LandSat/AZ/2015/LC08_L2SP_035038_20150626_20200909_02_T1/patch_3808_1568.TIF,/project/biocomplexity/wyr6fx(Nibir)/KDD-25-Data-Track/patches/LandSat/AZ/2015/LC08_L2SP_035038_20150626_20200909_02_T1/patch_3808_1568.TIF,2015,AZ,True,False
104,/project/biocomplexity/wyr6fx(Nibir)/KDD-25-Data-Track/irrigation_croptypes_landuse_mask/LandSat/AZ/2015/LC08_L2SP_035038_20150306_20200910_02_T1/patch_2240_2240.TIF,/project/biocomplexity/wyr6fx(Nibir)/KDD-25-Data-Track/patches/LandSat/AZ/2015/LC08_L2SP_035038_20150306_20200910_02_T1/patch_2240_2240.TIF,2015,AZ,True,False
105,/project/biocomplexity/wyr6fx(Nibir)/KDD-25-Data-Track/irrigation_croptypes_landuse_mask/LandSat/AZ/2015/LC08_L2SP_036038_20150313_20200909_02_T1/patch_2240_7616.TIF,/project/biocomplexity/wyr6fx(Nibir)/KDD-25-Data-Track/patches/LandSat/AZ/2015/LC08_L2SP_036038_20150313_20200909_02_T1/patch_2240_7616.TIF,2015,AZ,True,False
106,/project/biocomplexity/wyr6fx(Nibir)/KDD-25-Data-Track/irrigation_croptypes_landuse_mask/LandSat/AZ/2015/LC08_L2SP_035038_20150914_20200908_02_T1/patch_2464_2240.TIF,/project/biocomplexity/wyr6fx(Nibir)/KDD-25-Data-Track/patches/LandSat/AZ/2015/LC08_L2SP_035038_20150914_20200908_02_T1/patch_2464_2240.TIF,2015,AZ,True,True
107,/project/biocomplexity/wyr6fx(Nibir)/KDD-25-Data-Track/irrigation_croptypes_landuse_mask/LandSat/AZ/2015/LC08_L2SP_035038_20150626_20200909_02_T1/patch_4032_3136.TIF,/project/biocomplexity/wyr6fx(Nibir)/KDD-25-Data-Track/patches/LandSat/AZ/2015/LC08_L2SP_035038_20150626_20200909_02_T1/patch_4032_3136.TIF,2015,AZ,True,False
108,/project/biocomplexity/wyr6fx(Nibir)/KDD-25-Data-Track/irrigation_croptypes_landuse_mask/LandSat/AZ/2015/LC08_L2SP_036038_20150601_20200909_02_T1/patch_2240_7616.TIF,/project/biocomplexity/wyr6fx(Nibir)/KDD-25-Data-Track/patches/LandSat/AZ/2015/LC08_L2SP_036038_20150601_20200909_02_T1/patch_2240_7616.TIF,2015,AZ,True,False
109,/project/biocomplexity/wyr6fx(Nibir)/KDD-25-Data-Track/irrigation_croptypes_landuse_mask/LandSat/AZ/2015/LC08_L2SP_035038_20150626_20200909_02_T1/patch_2688_2240.TIF,/project/biocomplexity/wyr6fx(Nibir)/KDD-25-Data-Track/patches/LandSat/AZ/2015/LC08_L2SP_035038_20150626_20200909_02_T1/patch_2688_2240.TIF,2015,AZ,True,False
110,/project/biocomplexity/wyr6fx(Nibir)/KDD-25-Data-Track/irrigation_croptypes_landuse_mask/LandSat/AZ/2015/LC08_L2SP_035038_20150306_20200910_02_T1/patch_2240_2464.TIF,/project/biocomplexity/wyr6fx(Nibir)/KDD-25-Data-Track/patches/LandSat/AZ/2015/LC08_L2SP_035038_20150306_20200910_02_T1/patch_2240_2464.TIF,2015,AZ,True,False
111,/project/biocomplexity/wyr6fx(Nibir)/KDD-25-Data-Track/irrigation_croptypes_landuse_mask/LandSat/AZ/2015/LC08_L2SP_036038_20150804_20200909_02_T1/patch_4032_6720.TIF,/project/biocomplexity/wyr6fx(Nibir)/KDD-25-Data-Track/patches/LandSat/AZ/2015/LC08_L2SP_036038_20150804_20200909_02_T1/patch_4032_6720.TIF,2015,AZ,True,False
112,/project/biocomplexity/wyr6fx(Nibir)/KDD-25-Data-Track/irrigation_croptypes_landuse_mask/LandSat/AZ/2015/LC08_L2SP_035038_20150626_20200909_02_T1/patch_2464_2464.TIF,/project/biocomplexity/wyr6fx(Nibir)/KDD-25-Data-Track/patches/LandSat/AZ/2015/LC08_L2SP_035038_20150626_20200909_02_T1/patch_2464_2464.TIF,2015,AZ,True,False
113,/project/biocomplexity/wyr6fx(Nibir)/KDD-25-Data-Track/irrigation_croptypes_landuse_mask/LandSat/AZ/2015/LC08_L2SP_035038_20150322_20200909_02_T1/patch_3136_2688.TIF,/project/biocomplexity/wyr6fx(Nibir)/KDD-25-Data-Track/patches/LandSat/AZ/2015/LC08_L2SP_035038_20150322_20200909_02_T1/patch_3136_2688.TIF,2015,AZ,True,False
114,/project/biocomplexity/wyr6fx(Nibir)/KDD-25-Data-Track/irrigation_croptypes_landuse_mask/LandSat/AZ/2015/LC08_L2SP_035038_20150306_20200910_02_T1/patch_2688_2688.TIF,/project/biocomplexity/wyr6fx(Nibir)/KDD-25-Data-Track/patches/LandSat/AZ/2015/LC08_L2SP_035038_20150306_20200910_02_T1/patch_2688_2688.TIF,2015,AZ,True,False
115,/project/biocomplexity/wyr6fx(Nibir)/KDD-25-Data-Track/irrigation_croptypes_landuse_mask/LandSat/AZ/2015/LC08_L2SP_035038_20150914_20200908_02_T1/patch_4480_3136.TIF,/project/biocomplexity/wyr6fx(Nibir)/KDD-25-Data-Track/patches/LandSat/AZ/2015/LC08_L2SP_035038_20150914_20200908_02_T1/patch_4480_3136.TIF,2015,AZ,True,False
116,/project/biocomplexity/wyr6fx(Nibir)/KDD-25-Data-Track/irrigation_croptypes_landuse_mask/LandSat/AZ/2015/LC08_L2SP_035038_20150626_20200909_02_T1/patch_3808_1344.TIF,/project/biocomplexity/wyr6fx(Nibir)/KDD-25-Data-Track/patches/LandSat/AZ/2015/LC08_L2SP_035038_20150626_20200909_02_T1/patch_3808_1344.TIF,2015,AZ,True,False
117,/project/biocomplexity/wyr6fx(Nibir)/KDD-25-Data-Track/irrigation_croptypes_landuse_mask/LandSat/AZ/2015/LC08_L2SP_035038_20150407_20200909_02_T1/patch_2912_2464.TIF,/project/biocomplexity/wyr6fx(Nibir)/KDD-25-Data-Track/patches/LandSat/AZ/2015/LC08_L2SP_035038_20150407_20200909_02_T1/patch_2912_2464.TIF,2015,AZ,True,False
118,/project/biocomplexity/wyr6fx(Nibir)/KDD-25-Data-Track/irrigation_croptypes_landuse_mask/LandSat/AZ/2015/LC08_L2SP_035038_20150407_20200909_02_T1/patch_2912_2688.TIF,/project/biocomplexity/wyr6fx(Nibir)/KDD-25-Data-Track/patches/LandSat/AZ/2015/LC08_L2SP_035038_20150407_20200909_02_T1/patch_2912_2688.TIF,2015,AZ,True,False
119,/project/biocomplexity/wyr6fx(Nibir)/KDD-25-Data-Track/irrigation_croptypes_landuse_mask/LandSat/AZ/2015/LC08_L2SP_035038_20150829_20200908_02_T1/patch_4032_3136.TIF,/project/biocomplexity/wyr6fx(Nibir)/KDD-25-Data-Track/patches/LandSat/AZ/2015/LC08_L2SP_035038_20150829_20200908_02_T1/patch_4032_3136.TIF,2015,AZ,True,False
120,/project/biocomplexity/wyr6fx(Nibir)/KDD-25-Data-Track/irrigation_croptypes_landuse_mask/LandSat/AZ/2015/LC08_L2SP_035038_20150322_20200909_02_T1/patch_3136_2912.TIF,/project/biocomplexity/wyr6fx(Nibir)/KDD-25-Data-Track/patches/LandSat/AZ/2015/LC08_L2SP_035038_20150322_20200909_02_T1/patch_3136_2912.TIF,2015,AZ,True,False
121,/project/biocomplexity/wyr6fx(Nibir)/KDD-25-Data-Track/irrigation_croptypes_landuse_mask/LandSat/AZ/2015/LC08_L2SP_035038_20150525_20200909_02_T1/patch_3808_1568.TIF,/project/biocomplexity/wyr6fx(Nibir)/KDD-25-Data-Track/patches/LandSat/AZ/2015/LC08_L2SP_035038_20150525_20200909_02_T1/patch_3808_1568.TIF,2015,AZ,True,False
122,/project/biocomplexity/wyr6fx(Nibir)/KDD-25-Data-Track/irrigation_croptypes_landuse_mask/LandSat/AZ/2015/LC08_L2SP_035038_20150322_20200909_02_T1/patch_4032_3136.TIF,/project/biocomplexity/wyr6fx(Nibir)/KDD-25-Data-Track/patches/LandSat/AZ/2015/LC08_L2SP_035038_20150322_20200909_02_T1/patch_4032_3136.TIF,2015,AZ,True,False
123,/project/biocomplexity/wyr6fx(Nibir)/KDD-25-Data-Track/irrigation_croptypes_landuse_mask/LandSat/AZ/2015/LC08_L2SP_035038_20150306_20200910_02_T1/patch_2912_2464.TIF,/project/biocomplexity/wyr6fx(Nibir)/KDD-25-Data-Track/patches/LandSat/AZ/2015/LC08_L2SP_035038_20150306_20200910_02_T1/patch_2912_2464.TIF,2015,AZ,True,False
